id,date_id,date_posted,title,new_users,total_entries
e7squa,12-2019,2019-12-08 06:32:30,Visualize U.S. Standard Atmosphere (1976),7,10
drgz68,11-2019,2019-11-04 07:32:34,Visualize the Results from the World Rubik's Cube Association,9,15
dei68x,10-2019,2019-10-07 07:32:38,"Visualize the Jump-Scares for over 500 horror, thriller, and sci-fi Movies",17,23
cmrz6j,8-2019,2019-08-06 11:24:47,"Visualize heart rates, masses, and longevity of select mammals",14,21
d0oh2m,9-2019,2019-09-06 19:32:54,Visualize the Effect of hiding comment scores in /r/formula1,9,12
c89mz2,7-2019,2019-07-02 10:07:10,Visualize the Caffeine Present in Various Substances,13,19
bwocis,6-2019,2019-06-04 08:52:51,Visualize the World Happiness Report,10,14
blbkzk,5-2019,2019-05-06 08:32:36,"Visualize Safety Comparisons between Modes of Transportation (UK, 1990-2000)",19,23
axknia,3-2019,2019-03-05 07:32:38,Visualize the National Solar Radiation Data Base,7,11
b8ws37,4-2019,2019-04-03 07:33:05,Visualize the April Fool's Prank for 2019-04-01 on /r/DataIsBeautiful,4,8
an18kt,2-2019,2019-02-04 07:32:32,Visualize Physical Harm and Dependence by Drug,10,20
adihze,1-2019,2019-01-07 10:06:12,Visualize the list of World's Oldest People,17,26
a2p5f0,12-2018,2018-12-03 09:32:42,Visualize the Freezing and Thawing cycle of Lake Mendota,28,37
9ud457,11-2018,2018-11-05 07:32:29,Visualize the List of NASA Astronauts,17,20
9cuzs3,9-2018,2018-09-04 08:07:03,Visualize information on all 802 Pokemon,18,29
9kfrjr,10-2018,2018-10-01 08:10:30,Visualize 859 survey results from /r/travel,13,18
950j3n,8-2018,2018-08-06 07:35:39,Visualize TSA Claims,12,19
8vhxhq,7-2018,2018-07-02 07:35:46,Which Birds prefer Which Seeds,17,23
8ogk4k,6-2018,2018-06-04 07:35:38,"Visualize The lives, reigns, and deaths of 68 Roman emperors from 26 BC to 395 AD",24,30
88ymvb,4-2018,2018-04-02 07:35:38,Visualize every line from every scene in The Office,14,18
7vegvf,2-2018,2018-02-05 07:35:40,Visualize the Legal Status of Same-sex Marriage by US State and Year,29,34
7nm6ed,1-2018,2018-01-02 07:35:29,Visualize the Growth Rates of Algae,29,29
8hmt9d,5-2018,2018-05-07 07:35:48,"Visualize 1.6 Million Accidents in England, Scotland, and Wales from 2000-2016",7,9
825mg6,3-2018,2018-03-05 07:35:27,"Visualize Over 100,000 Stars",8,14
