11th Grade Math,High School
11th Grade Reading,High School
11th Grade Science,High School
11th Grade Writing,High School
3rd Grade Math,Elementary School
3rd Grade Reading,Elementary School
4th Grade Math,Elementary School
4th Grade Reading,Elementary School
4th Grade Science,Elementary School
5th Grade Math,Elementary School
5th Grade Reading,Elementary School
5th Grade Writing,Elementary School
6th Grade Math,Middle School
6th Grade Reading,Middle School
7th Grade Math,Middle School
7th Grade Reading,Middle School
8th Grade Math,Middle School
8th Grade Reading,Middle School
8th Grade Science,Middle School
8th Grade Writing,Middle School
