10th Grade ELA_Literacy,High School
3rd Grade ELA_Literacy,Elementary School
3rd Grade Mathematics,Elementary School
4th Grade ELA_Literacy,Elementary School
4th Grade Mathematics,Elementary School
5th Grade ELA_Literacy,Elementary School
5th Grade Mathematics,Elementary School
6th Grade ELA_Literacy,Middle School
6th Grade Mathematics,Middle School
7th Grade ELA_Literacy,Middle School
7th Grade Mathematics,Middle School
8th Grade ELA_Literacy,Middle School
8th Grade Mathematics,Middle School
9th Grade ELA_Literacy,High School
Algebra I Mathematics,High School
Geometry Mathematics,High School
